<?xml version="1.0" encoding="UTF-8"?>
<project-private xmlns="http://www.netbeans.org/ns/project-private/1">
    <editor-bookmarks xmlns="http://www.netbeans.org/ns/editor-bookmarks/2" lastBookmarkId="0"/>
    <open-files xmlns="http://www.netbeans.org/ns/projectui-open-files/2">
        <group>
            <file>file:/C:/Users/Jorge%20Mota/Documents/Dropbox/Universidade%20e%20outros%20estudos/ISEP/LEI/1º%20Ano/2016-2017/PPROG/PPROG2017/PPROG_1NC_1161333_1131345_TP2/PPROG_1NC_1161333_1131345_TP2/src/pprog_1nc_1161333_1131345_tp2/Alojamento.java</file>
            <file>file:/C:/Users/Jorge%20Mota/Documents/Dropbox/Universidade%20e%20outros%20estudos/ISEP/LEI/1º%20Ano/2016-2017/PPROG/PPROG2017/PPROG_1NC_1161333_1131345_TP2/PPROG_1NC_1161333_1131345_TP2/src/pprog_1nc_1161333_1131345_tp2/BomServico.java</file>
            <file>file:/C:/Users/Jorge%20Mota/Documents/Dropbox/Universidade%20e%20outros%20estudos/ISEP/LEI/1º%20Ano/2016-2017/PPROG/PPROG2017/PPROG_1NC_1161333_1131345_TP2/PPROG_1NC_1161333_1131345_TP2/src/pprog_1nc_1161333_1131345_tp2/Entidade.java</file>
            <file>file:/C:/Users/Jorge%20Mota/Documents/Dropbox/Universidade%20e%20outros%20estudos/ISEP/LEI/1º%20Ano/2016-2017/PPROG/PPROG2017/PPROG_1NC_1161333_1131345_TP2/PPROG_1NC_1161333_1131345_TP2/src/pprog_1nc_1161333_1131345_tp2/EntidadeComNIF.java</file>
            <file>file:/C:/Users/Jorge%20Mota/Documents/Dropbox/Universidade%20e%20outros%20estudos/ISEP/LEI/1º%20Ano/2016-2017/PPROG/PPROG2017/PPROG_1NC_1161333_1131345_TP2/PPROG_1NC_1161333_1131345_TP2/src/pprog_1nc_1161333_1131345_tp2/Hostel.java</file>
            <file>file:/C:/Users/Jorge%20Mota/Documents/Dropbox/Universidade%20e%20outros%20estudos/ISEP/LEI/1º%20Ano/2016-2017/PPROG/PPROG2017/PPROG_1NC_1161333_1131345_TP2/PPROG_1NC_1161333_1131345_TP2/src/pprog_1nc_1161333_1131345_tp2/Hotel.java</file>
            <file>file:/C:/Users/Jorge%20Mota/Documents/Dropbox/Universidade%20e%20outros%20estudos/ISEP/LEI/1º%20Ano/2016-2017/PPROG/PPROG2017/PPROG_1NC_1161333_1131345_TP2/PPROG_1NC_1161333_1131345_TP2/src/pprog_1nc_1161333_1131345_tp2/PontoInteresse.java</file>
            <file>file:/C:/Users/Jorge%20Mota/Documents/Dropbox/Universidade%20e%20outros%20estudos/ISEP/LEI/1º%20Ano/2016-2017/PPROG/PPROG2017/PPROG_1NC_1161333_1131345_TP2/PPROG_1NC_1161333_1131345_TP2/src/pprog_1nc_1161333_1131345_tp2/Restaurante.java</file>
            <file>file:/C:/Users/Jorge%20Mota/Documents/Dropbox/Universidade%20e%20outros%20estudos/ISEP/LEI/1º%20Ano/2016-2017/PPROG/PPROG2017/PPROG_1NC_1161333_1131345_TP2/PPROG_1NC_1161333_1131345_TP2/src/pprog_1nc_1161333_1131345_tp2/ServicoAlojamento.java</file>
            <file>file:/C:/Users/Jorge%20Mota/Documents/Dropbox/Universidade%20e%20outros%20estudos/ISEP/LEI/1º%20Ano/2016-2017/PPROG/PPROG2017/PPROG_1NC_1161333_1131345_TP2/PPROG_1NC_1161333_1131345_TP2/src/pprog_1nc_1161333_1131345_tp2/ServicoAvaliacao.java</file>
            <file>file:/C:/Users/Jorge%20Mota/Documents/Dropbox/Universidade%20e%20outros%20estudos/ISEP/LEI/1º%20Ano/2016-2017/PPROG/PPROG2017/PPROG_1NC_1161333_1131345_TP2/PPROG_1NC_1161333_1131345_TP2/src/pprog_1nc_1161333_1131345_tp2/ServicoHotel.java</file>
            <file>file:/C:/Users/Jorge%20Mota/Documents/Dropbox/Universidade%20e%20outros%20estudos/ISEP/LEI/1º%20Ano/2016-2017/PPROG/PPROG2017/PPROG_1NC_1161333_1131345_TP2/PPROG_1NC_1161333_1131345_TP2/src/pprog_1nc_1161333_1131345_tp2/ServicoPontoInteresse.java</file>
            <file>file:/C:/Users/Jorge%20Mota/Documents/Dropbox/Universidade%20e%20outros%20estudos/ISEP/LEI/1º%20Ano/2016-2017/PPROG/PPROG2017/PPROG_1NC_1161333_1131345_TP2/PPROG_1NC_1161333_1131345_TP2/src/pprog_1nc_1161333_1131345_tp2/ServicoPrecoMedio.java</file>
            <file>file:/C:/Users/Jorge%20Mota/Documents/Dropbox/Universidade%20e%20outros%20estudos/ISEP/LEI/1º%20Ano/2016-2017/PPROG/PPROG2017/PPROG_1NC_1161333_1131345_TP2/PPROG_1NC_1161333_1131345_TP2/src/pprog_1nc_1161333_1131345_tp2/ServicoRestaurante.java</file>
            <file>file:/C:/Users/Jorge%20Mota/Documents/Dropbox/Universidade%20e%20outros%20estudos/ISEP/LEI/1º%20Ano/2016-2017/PPROG/PPROG2017/PPROG_1NC_1161333_1131345_TP2/PPROG_1NC_1161333_1131345_TP2/src/pprog_1nc_1161333_1131345_tp2/Teste.java</file>
        </group>
    </open-files>
</project-private>
