<?xml version="1.0" encoding="UTF-8"?>
<project-private xmlns="http://www.netbeans.org/ns/project-private/1">
    <editor-bookmarks xmlns="http://www.netbeans.org/ns/editor-bookmarks/2" lastBookmarkId="0"/>
    <open-files xmlns="http://www.netbeans.org/ns/projectui-open-files/2">
        <group name="PPROG-TPI2-Alunos">
            <file>file:/C:/NELSON/meu%20ISEP/DEI%20-%20PPROG/PPROG%202015_16/Aulas%20PL/PL10%20-%20GUI/PL10-DataGUI/PL10-DataGUI/src/datagui/model/Data.java</file>
            <file>file:/C:/NELSON/meu%20ISEP/DEI%20-%20PPROG/PPROG%202015_16/Aulas%20PL/PL10%20-%20GUI/PL10-DataGUI/PL10-DataGUI/src/datagui/model/DiaInvalidoException.java</file>
            <file>file:/C:/NELSON/meu%20ISEP/DEI%20-%20PPROG/PPROG%202015_16/Aulas%20PL/PL10%20-%20GUI/PL10-DataGUI/PL10-DataGUI/src/datagui/model/MesInvalidoException.java</file>
            <file>file:/C:/NELSON/meu%20ISEP/DEI%20-%20PPROG/PPROG%202015_16/Aulas%20PL/PL10%20-%20GUI/PL10-DataGUI/PL10-DataGUI/src/datagui/ui/Janela.java</file>
        </group>
        <group/>
        <group name="PPROG 2017 - Aulas PL Originais"/>
        <group name="PPROG 2017 - PL - Aulas Originais">
            <file>file:/C:/NELSON/meu%20ISEP/DEI%20-%20PPROG/PPROG%202016_17/Aulas/Aulas%20PL/Aula%20PL10%20-%20Interfaces%20Gráficas/PL10-DataGUI/PL17-DataGUI/src/datagui/model/Data.java</file>
            <file>file:/C:/NELSON/meu%20ISEP/DEI%20-%20PPROG/PPROG%202016_17/Aulas/Aulas%20PL/Aula%20PL10%20-%20Interfaces%20Gráficas/PL10-DataGUI/PL17-DataGUI/src/datagui/model/MesInvalidoException.java</file>
            <file>file:/C:/NELSON/meu%20ISEP/DEI%20-%20PPROG/PPROG%202016_17/Aulas/Aulas%20PL/Aula%20PL10%20-%20Interfaces%20Gráficas/PL10-DataGUI/PL17-DataGUI/src/datagui/model/DiaInvalidoException.java</file>
            <file>file:/C:/NELSON/meu%20ISEP/DEI%20-%20PPROG/PPROG%202016_17/Aulas/Aulas%20PL/Aula%20PL10%20-%20Interfaces%20Gráficas/PL10-DataGUI/PL17-DataGUI/src/datagui/ui/Main.java</file>
            <file>file:/C:/NELSON/meu%20ISEP/DEI%20-%20PPROG/PPROG%202016_17/Aulas/Aulas%20PL/Aula%20PL10%20-%20Interfaces%20Gráficas/PL10-DataGUI/PL17-DataGUI/src/datagui/ui/Janela.java</file>
        </group>
    </open-files>
</project-private>
